13 mai 2020 à 19:07:38 	 a@lu 	 192.168.56.1 	 Connexion réussie
13 mai 2020 à 19:07:40 	 a@lu 	 192.168.56.1 	 Deconnexion
13 mai 2020 à 19:08:13 	 ma@hadj 	 192.168.56.1 	 Inscription réussie
13 mai 2020 à 19:08:29 	 ma@hadj 	 192.168.56.1 	 Connexion refusée
13 mai 2020 à 19:08:36 	 ma@hadj 	 192.168.56.1 	 Connexion échouée : Mauvais identifiants
13 mai 2020 à 19:09:25 	 ma@hadj 	 192.168.56.1 	 Connexion réussie
13 mai 2020 à 19:09:44 	 ma@hadj 	 192.168.56.1 	 Deconnexion
13 mai 2020 à 19:13:31 	 al@amine 	 192.168.56.1 	 Connexion échouée : Mauvais identifiants
13 mai 2020 à 19:13:51 	 al@amine 	 192.168.56.1 	 Inscription réussie
13 mai 2020 à 19:14:06 	 al@amine 	 192.168.56.1 	 Connexion refusée
13 mai 2020 à 19:14:48 	 al@amine 	 192.168.56.1 	 Connexion réussie
13 mai 2020 à 19:15:46 	 al@amine 	 192.168.56.1 	 Deconnexion
13 mai 2020 à 19:46:31 	 ma@hadj 	 192.168.56.1 	 Connexion réussie
13 mai 2020 à 19:50:50 	 ma@hadj 	 192.168.56.1 	 Deconnexion
13 mai 2020 à 19:50:58 	 a@lu 	 192.168.56.1 	 Connexion réussie
13 mai 2020 à 19:56:25 	 a@lu 	 192.168.56.1 	 Deconnexion
14 mai 2020 à 11:12:02 	 test@connect 	 192.168.56.1 	 Connexion échouée : Mauvais identifiants
14 mai 2020 à 11:13:10 	 login@login 	 192.168.56.1 	 Inscription réussie
14 mai 2020 à 11:13:29 	 login@login 	 192.168.56.1 	 Connexion refusée: Compte non validé
14 mai 2020 à 11:15:33 	 login@login 	 192.168.56.1 	 Connexion réussie
16 mai 2020 à 12:48:14 	 login@login 	 192.168.56.1 	 Connexion réussie
16 mai 2020 à 13:16:13 	 login@login 	 192.168.56.1 	 Connexion réussie
16 mai 2020 à 13:21:36 	 login@login 	 192.168.56.1 	 Connexion réussie
16 mai 2020 à 13:43:34 	 login@login 	 192.168.56.1 	 Connexion réussie
16 mai 2020 à 13:47:37 	 login@login 	 192.168.56.1 	 Connexion réussie
16 mai 2020 à 13:50:39 	 login@login 	 192.168.56.1 	 Connexion réussie
16 mai 2020 à 13:52:28 	 login@login 	 192.168.56.1 	 Connexion réussie
17 mai 2020 à 00:35:09 	 lat@ndiaye 	 192.168.56.1 	 Inscription réussie
17 mai 2020 à 09:41:49 	 ma@hadj 	 192.168.56.1 	 Inscription réussie
17 mai 2020 à 09:43:51 	 ma@hadj 	 192.168.56.1 	 Inscription réussie
17 mai 2020 à 12:00:51 	 test@jar 	 192.168.56.1 	 Inscription réussie
17 mai 2020 à 12:01:00 	 test@jar 	 192.168.56.1 	 Connexion refusée: Compte non validé
17 mai 2020 à 12:01:37 	 test@jar 	 192.168.56.1 	 Connexion réussie
17 mai 2020 à 12:02:05 	 test@jar 	 192.168.56.1 	 Deconnexion
17 mai 2020 à 12:05:01 	 login@login 	 192.168.56.1 	 Connexion réussie
17 mai 2020 à 12:06:27 	 login@login 	 192.168.56.1 	 Connexion réussie
17 mai 2020 à 14:42:47 	 login@login 	 192.168.56.1 	 Connexion réussie
17 mai 2020 à 14:46:17 	 login@login 	 192.168.56.1 	 Connexion réussie
17 mai 2020 à 14:48:37 	 login@login 	 192.168.56.1 	 Connexion réussie
17 mai 2020 à 14:52:46 	 login@login 	 192.168.56.1 	 Connexion réussie
17 mai 2020 à 15:03:47 	 login@login 	 192.168.56.1 	 Connexion réussie
17 mai 2020 à 15:07:01 	 login@login 	 192.168.56.1 	 Connexion réussie
17 mai 2020 à 15:08:50 	 login@login 	 192.168.56.1 	 Connexion réussie
17 mai 2020 à 15:12:17 	 test@jar 	 192.168.56.1 	 Inscription réussie
17 mai 2020 à 18:33:10 	 login@login 	 192.168.56.1 	 Connexion réussie
17 mai 2020 à 18:34:29 	 login@login 	 192.168.56.1 	 Connexion échouée : Mauvais identifiants
17 mai 2020 à 18:34:34 	 login@login 	 192.168.56.1 	 Connexion réussie
17 mai 2020 à 18:36:43 	 login@login 	 192.168.56.1 	 Connexion réussie
17 mai 2020 à 18:37:43 	 login@login 	 192.168.56.1 	 Connexion réussie
17 mai 2020 à 18:39:03 	 login@login 	 192.168.56.1 	 Connexion réussie
17 mai 2020 à 18:42:26 	 login@login 	 192.168.56.1 	 Connexion réussie
17 mai 2020 à 18:46:55 	 login@login 	 192.168.56.1 	 Connexion réussie
17 mai 2020 à 19:17:49 	 login@login 	 192.168.56.1 	 Connexion réussie
17 mai 2020 à 19:27:20 	 login@login 	 192.168.56.1 	 Deconnexion
17 mai 2020 à 19:28:28 	 login@login 	 192.168.56.1 	 Connexion réussie
17 mai 2020 à 19:29:20 	 login@login 	 192.168.56.1 	 Connexion réussie
17 mai 2020 à 20:37:53 	 login@login 	 192.168.56.1 	 Connexion réussie
18 mai 2020 à 15:01:51 	 login@login 	 192.168.56.1 	 Connexion réussie
22 mai 2020 à 14:07:36 	 login@login 	 192.168.56.1 	 Connexion réussie
22 mai 2020 à 14:30:11 	 login@login 	 192.168.56.1 	 Connexion réussie
22 mai 2020 à 14:30:14 	 login@login 	 192.168.56.1 	 Deconnexion
22 mai 2020 à 14:30:27 	 a@a 	 192.168.56.1 	 Inscription réussie
22 mai 2020 à 14:31:01 	 a@a 	 192.168.56.1 	 Connexion réussie
22 mai 2020 à 14:32:42 	 a@a 	 192.168.56.1 	 Connexion échouée : Mauvais identifiants
22 mai 2020 à 14:32:55 	 a@a 	 192.168.56.1 	 Inscription réussie
22 mai 2020 à 14:33:10 	 a@a 	 192.168.56.1 	 Connexion réussie
22 mai 2020 à 14:33:27 	 a@a 	 192.168.56.1 	 Connexion réussie
22 mai 2020 à 14:33:27 	 a@a 	 192.168.56.1 	 Connexion réussie
22 mai 2020 à 14:42:15 	 login@login 	 192.168.56.1 	 Connexion réussie
22 mai 2020 à 14:49:10 	 a@a 	 192.168.56.1 	 Inscription réussie
22 mai 2020 à 14:49:27 	 b@b 	 192.168.56.1 	 Inscription réussie
22 mai 2020 à 14:49:37 	 c@c 	 192.168.56.1 	 Inscription réussie
22 mai 2020 à 14:49:52 	 d@d 	 192.168.56.1 	 Inscription réussie
22 mai 2020 à 14:50:41 	 d@d 	 192.168.56.1 	 Connexion réussie
22 mai 2020 à 14:51:35 	 c@c 	 192.168.56.1 	 Connexion réussie
22 mai 2020 à 14:51:39 	 c@c 	 192.168.56.1 	 Deconnexion
22 mai 2020 à 14:51:59 	 c@c 	 192.168.56.1 	 Connexion réussie
22 mai 2020 à 14:59:04 	 b@b 	 192.168.56.1 	 Connexion réussie
22 mai 2020 à 15:00:03 	 a@a 	 192.168.56.1 	 Connexion réussie
22 mai 2020 à 15:00:41 	 a@a 	 192.168.56.1 	 Inscription réussie
22 mai 2020 à 15:00:54 	 b@b 	 192.168.56.1 	 Inscription réussie
22 mai 2020 à 15:01:01 	 c@c 	 192.168.56.1 	 Inscription réussie
22 mai 2020 à 15:01:09 	 d@d 	 192.168.56.1 	 Inscription réussie
22 mai 2020 à 15:01:19 	 z@z 	 192.168.56.1 	 Inscription réussie
22 mai 2020 à 15:13:29 	 z@z 	 192.168.56.1 	 Connexion réussie
22 mai 2020 à 15:14:13 	 d@d 	 192.168.56.1 	 Connexion réussie
22 mai 2020 à 15:19:31 	 c@c 	 192.168.56.1 	 Connexion réussie
22 mai 2020 à 15:20:37 	 b@b 	 192.168.56.1 	 Connexion réussie
22 mai 2020 à 15:48:15 	 b@b 	 192.168.56.1 	 Inscription réussie
22 mai 2020 à 15:48:23 	 c@c 	 192.168.56.1 	 Inscription réussie
22 mai 2020 à 15:48:42 	 c@c 	 192.168.56.1 	 Connexion réussie
22 mai 2020 à 15:55:51 	 b@b 	 192.168.56.1 	 Connexion échouée : Mauvais identifiants
22 mai 2020 à 15:55:56 	 b@b 	 192.168.56.1 	 Connexion réussie
22 mai 2020 à 15:56:47 	 a@a 	 192.168.56.1 	 Connexion réussie
22 mai 2020 à 15:57:39 	 a@a 	 192.168.56.1 	 Inscription réussie
22 mai 2020 à 15:57:48 	 b@b 	 192.168.56.1 	 Inscription réussie
22 mai 2020 à 15:57:57 	 c@c 	 192.168.56.1 	 Inscription réussie
22 mai 2020 à 15:58:22 	 c@c 	 192.168.56.1 	 Connexion réussie
22 mai 2020 à 17:21:10 	 login@login 	 192.168.56.1 	 Connexion réussie
22 mai 2020 à 17:21:41 	 login@login 	 192.168.56.1 	 Deconnexion
27 mai 2020 à 23:33:58 	 login@login 	 192.168.56.1 	 Connexion réussie
27 mai 2020 à 23:35:30 	 login@login 	 192.168.56.1 	 Connexion réussie
27 mai 2020 à 23:37:24 	 login@login 	 192.168.56.1 	 Deconnexion
27 mai 2020 à 23:38:16 	 login@login 	 192.168.56.1 	 Connexion réussie
28 mai 2020 à 00:11:56 	 login@login 	 192.168.56.1 	 Connexion réussie
28 mai 2020 à 00:12:37 	 login@login 	 192.168.56.1 	 Deconnexion
28 mai 2020 à 00:21:37 	 login@login 	 192.168.56.1 	 Connexion réussie
28 mai 2020 à 00:41:38 	 login@login 	 192.168.56.1 	 Connexion réussie
28 mai 2020 à 00:41:50 	 login@login 	 192.168.56.1 	 Deconnexion
28 mai 2020 à 01:42:15 	 test@crypt 	 192.168.56.1 	 Inscription réussie
28 mai 2020 à 01:43:22 	 test@crypt 	 192.168.56.1 	 Connexion réussie
28 mai 2020 à 01:48:10 	 test@crypt 	 192.168.56.1 	 Deconnexion
28 mai 2020 à 08:33:02 	 test@bcrypt 	 192.168.56.1 	 Connexion échouée : Mauvais identifiants
28 mai 2020 à 08:34:04 	 test@crypt 	 192.168.56.1 	 Connexion réussie
28 mai 2020 à 08:36:19 	 test@crypt 	 192.168.56.1 	 Connexion réussie
28 mai 2020 à 08:41:18 	 test@crypt 	 192.168.56.1 	 Deconnexion
28 mai 2020 à 08:41:46 	 mouhamad@ndiaye 	 192.168.56.1 	 Inscription réussie
28 mai 2020 à 08:42:28 	 g@4 	 192.168.56.1 	 Inscription réussie
28 mai 2020 à 09:18:02 	 g@4 	 192.168.56.1 	 Connexion réussie
28 mai 2020 à 09:19:32 	 a@a 	 192.168.56.1 	 Inscription réussie
28 mai 2020 à 09:20:21 	 a@a 	 192.168.56.1 	 Connexion réussie
28 mai 2020 à 10:15:57 	 b@b 	 192.168.56.1 	 Inscription réussie
28 mai 2020 à 10:19:40 	 a@a 	 192.168.56.1 	 Connexion refusée: Compte non validé
28 mai 2020 à 10:19:59 	 a@a 	 192.168.56.1 	 Connexion réussie
28 mai 2020 à 11:48:23 	 z@z 	 192.168.56.1 	 Inscription réussie
28 mai 2020 à 12:05:35 	 z@z 	 192.168.56.1 	 Connexion réussie
28 mai 2020 à 12:10:00 	 z@z 	 192.168.56.1 	 Connexion réussie
28 mai 2020 à 12:10:08 	 z@z 	 192.168.56.1 	 Mot de passe réinitialiser
28 mai 2020 à 12:13:55 	 z@z 	 192.168.56.1 	 Connexion réussie
28 mai 2020 à 12:13:59 	 z@z 	 192.168.56.1 	 Deconnexion
28 mai 2020 à 12:17:16 	 z@z 	 192.168.56.1 	 Mot de passe réinitialiser
28 mai 2020 à 12:17:23 	 z@z 	 192.168.56.1 	 Connexion réussie
28 mai 2020 à 12:17:27 	 z@z 	 192.168.56.1 	 Deconnexion
28 mai 2020 à 12:18:07 	 b@b 	 192.168.56.1 	 Inscription réussie
28 mai 2020 à 12:19:10 	 test@crypt 	 192.168.56.1 	 Connexion échouée : Mauvais identifiants
28 mai 2020 à 12:19:16 	 test@crypt 	 192.168.56.1 	 Connexion réussie
28 mai 2020 à 12:20:40 	 test@crypt 	 192.168.56.1 	 Deconnexion
28 mai 2020 à 12:21:13 	 test@crypt 	 192.168.56.1 	 Connexion réussie
28 mai 2020 à 12:21:50 	 test@crypt 	 192.168.56.1 	 Connexion réussie
28 mai 2020 à 12:21:57 	 test@crypt 	 192.168.56.1 	 Deconnexion
28 mai 2020 à 12:23:31 	 test@crypt 	 192.168.56.1 	 Connexion réussie
28 mai 2020 à 14:12:49 	 test@crypt 	 192.168.56.1 	 Connexion réussie
28 mai 2020 à 15:15:59 	 test@test 	 192.168.56.1 	 Inscription réussie
28 mai 2020 à 15:20:57 	 test@test 	 192.168.56.1 	 Connexion réussie
28 mai 2020 à 15:31:49 	 test@crypt 	 192.168.56.1 	 Connexion réussie
28 mai 2020 à 15:33:27 	 test@test 	 192.168.56.1 	 Mot de passe réinitialiser
28 mai 2020 à 15:33:32 	 test@test 	 192.168.56.1 	 Deconnexion
28 mai 2020 à 15:33:51 	 test@test 	 192.168.56.1 	 Connexion échouée : Mauvais identifiants
28 mai 2020 à 15:34:00 	 test@test 	 192.168.56.1 	 Connexion réussie
28 mai 2020 à 15:34:06 	 test@test 	 192.168.56.1 	 Deconnexion
28 mai 2020 à 15:34:50 	 test@test 	 192.168.56.1 	 Mot de passe réinitialiser
28 mai 2020 à 15:34:59 	 test@test 	 192.168.56.1 	 Connexion réussie
28 mai 2020 à 15:36:11 	 test@crypt 	 192.168.56.1 	 Deconnexion